ID	Description	GeneRatio	BgRatio	pvalue	p.adjust	qvalue	geneID	Count
GO:0006534	cysteine metabolic process	2/13	12/18866	2.88166389044442e-05	0.00392278056608922	0.0024582651100211	TST/MPST	2
GO:0050667	homocysteine metabolic process	2/13	14/18866	3.97011498622933e-05	0.00392278056608922	0.0024582651100211	TST/MPST	2
GO:0000098	sulfur amino acid catabolic process	2/13	15/18866	4.57912128337263e-05	0.00392278056608922	0.0024582651100211	TST/MPST	2
GO:0045730	respiratory burst	2/13	37/18866	0.000287973721201571	0.014429413477429	0.00904239304545005	NCF4/RAC2	2
GO:0000096	sulfur amino acid metabolic process	2/13	40/18866	0.00033687346639912	0.014429413477429	0.00904239304545005	TST/MPST	2
GO:0009069	serine family amino acid metabolic process	2/13	40/18866	0.00033687346639912	0.014429413477429	0.00904239304545005	TST/MPST	2
GO:0044273	sulfur compound catabolic process	2/13	56/18866	0.000660985937732165	0.0235645042863431	0.0147670250084395	TST/MPST	2
GO:0045454	cell redox homeostasis	2/13	59/18866	0.000733525425255817	0.0235645042863431	0.0147670250084395	NCF4/RAC2	2
