ID	Description	GeneRatio	BgRatio	pvalue	p.adjust	qvalue	geneID	Count
GO:0036462	TRAIL-activated apoptotic signaling pathway	2/26	12/18866	0.000119518905857278	0.053661949878528	0.0427515894850566	TNFRSF10B/TNFRSF10A	2
GO:0007250	activation of NF-kappaB-inducing kinase activity	2/26	17/18866	0.000245239533156214	0.053661949878528	0.0427515894850566	TNFRSF10B/TNFRSF10A	2
GO:0034755	iron ion transmembrane transport	2/26	18/18866	0.000275660701430795	0.053661949878528	0.0427515894850566	SLC39A14/SLC25A37	2
