ID	Description	GeneRatio	BgRatio	pvalue	p.adjust	qvalue	geneID	Count
GO:0006534	cysteine metabolic process	2/21	12/18866	7.73641963392405e-05	0.0172373899063099	0.0126279666021973	MPST/TST	2
GO:0050667	homocysteine metabolic process	2/21	14/18866	0.000106525680473905	0.0172373899063099	0.0126279666021973	MPST/TST	2
GO:0000098	sulfur amino acid catabolic process	2/21	15/18866	0.00012283175705209	0.0172373899063099	0.0126279666021973	MPST/TST	2
GO:0032469	endoplasmic reticulum calcium ion homeostasis	2/21	24/18866	0.000320927547046405	0.0337776243266341	0.0247452029696307	FIS1/KCTD17	2
