ID	Description	GeneRatio	BgRatio	pvalue	p.adjust	qvalue	geneID	Count
GO:0009952	anterior/posterior pattern specification	7/54	219/18866	2.87581002588356e-06	0.00287005840583179	0.00264877239226117	RARG/HOXC10/HOXC9/HOXC8/HOXC4/HOXC6/HOXC5	7
GO:0003002	regionalization	8/54	355/18866	7.10510264625135e-06	0.00354544622047942	0.00327208674498417	ACVRL1/RARG/HOXC10/HOXC9/HOXC8/HOXC4/HOXC6/HOXC5	8
GO:0007389	pattern specification process	8/54	455/18866	4.23174651873624e-05	0.0140776100856625	0.0129922042241902	ACVRL1/RARG/HOXC10/HOXC9/HOXC8/HOXC4/HOXC6/HOXC5	8
GO:0032924	activin receptor signaling pathway	3/54	45/18866	0.000288889356150794	0.0611477851703008	0.0564331948360017	ACVRL1/ACVR1B/AMHR2	3
GO:0070268	cornification	4/54	113/18866	0.000306351629109723	0.0611477851703008	0.0564331948360017	KRT80/KRT7/KRT18/KRT8	4
GO:0097284	hepatocyte apoptotic process	2/54	12/18866	0.000521069134791662	0.0743363847843973	0.0686049326931206	KRT18/KRT8	2
GO:0048706	embryonic skeletal system development	4/54	130/18866	0.000521397488467716	0.0743363847843973	0.0686049326931206	HOXC9/HOXC4/HOXC6/HOXC5	4
