ID	Description	GeneRatio	BgRatio	pvalue	p.adjust	qvalue	geneID	Count
GO:0009952	anterior/posterior pattern specification	7/55	219/18866	3.26296638803344e-06	0.00333475164857018	0.00307062310621252	RARG/HOXC10/HOXC9/HOXC8/HOXC4/HOXC6/HOXC5	7
GO:0003002	regionalization	8/55	355/18866	8.17957940424995e-06	0.00417976507557172	0.00384870736178919	ACVRL1/RARG/HOXC10/HOXC9/HOXC8/HOXC4/HOXC6/HOXC5	8
GO:0007389	pattern specification process	8/55	455/18866	4.84888110962691e-05	0.0165185216467957	0.0152101744280928	ACVRL1/RARG/HOXC10/HOXC9/HOXC8/HOXC4/HOXC6/HOXC5	8
