ID	Description	GeneRatio	BgRatio	pvalue	p.adjust	qvalue	geneID	Count
GO:0009952	anterior/posterior pattern specification	7/55	219/18866	3.26296638803344e-06	0.00333475164857018	0.00307062310621252	RARG/HOXC10/HOXC9/HOXC8/HOXC4/HOXC6/HOXC5	7
GO:0003002	regionalization	8/55	355/18866	8.17957940424995e-06	0.00417976507557172	0.00384870736178919	ACVRL1/RARG/HOXC10/HOXC9/HOXC8/HOXC4/HOXC6/HOXC5	8
GO:0007389	pattern specification process	8/55	455/18866	4.84888110962691e-05	0.0165185216467957	0.0152101744280928	ACVRL1/RARG/HOXC10/HOXC9/HOXC8/HOXC4/HOXC6/HOXC5	8
GO:0032924	activin receptor signaling pathway	3/55	45/18866	0.000305047629759049	0.0672197396702483	0.0618956095017015	ACVRL1/ACVR1B/AMHR2	3
GO:0070268	cornification	4/55	113/18866	0.000328863697016871	0.0672197396702483	0.0618956095017015	KRT80/KRT7/KRT18/KRT8	4
GO:0097284	hepatocyte apoptotic process	2/55	12/18866	0.000540541068762673	0.0816599348755057	0.075192071046145	KRT18/KRT8	2
GO:0048706	embryonic skeletal system development	4/55	130/18866	0.000559314622434971	0.0816599348755057	0.075192071046145	HOXC9/HOXC4/HOXC6/HOXC5	4
